357994, 361059
357994, 359787
357994, 359781
357994, 361370
357994, 359171
357994, 360631
357994, 361849
357994, 358044
357994, 361323
357994, 361294
357994, 360997
357994, 361056
357994, 354500
357994, 7603259
357994, 352603
357994, 360688
357994, 360689
357994, 360483
357994, 349401
357994, 358617
357994, 360621
357994, 350546
357994, 361468
357994, 360016
357994, 347794
357994, 355182
357994, 359797
359797, 7521348
359797, 361642
359797, 6412806
359797, 361258
359797, 361623
359797, 6412799
359797, 360014
359797, 359479
359797, 358616
359797, 357772
359797, 443380
359797, 360886
359797, 353214
359797, 352008
359797, 352007
359797, 350711
359797, 349828
359797, 349146
359797, 359796
359797, 348616
359797, 359765
359797, 357693
359797, 357708
359797, 355350
359797, 357316
359797, 7318788
359797, 349952
359796, 361553
359796, 361340
359796, 6413308
359796, 354128
359796, 347578
359796, 6412809
359796, 6413307
355182, 10371116
347794, 361660
347794, 359588
347794, 10371120
347794, 355025
347794, 10371119
347794, 347795
347794, 361436
347794, 360749
347794, 360699
360016, 7910679
360016, 362484
360016, 362612
360016, 358838
360016, 358094
360016, 355938
360016, 352351
360016, 361127
360016, 10371147
360016, 359494
361468, 8030659
361468, 362659
361468, 362392
361468, 444511
361468, 361276
361468, 361032
361468, 361022
361468, 361001
361468, 360970
361468, 360909
361468, 360226
361468, 360845
361468, 360677
361468, 360531
361468, 361218
361468, 361210
361468, 361156
361468, 361167
361468, 361606
361468, 361568
361468, 433018
361468, 360494
361468, 360340
361468, 360334
361468, 360159
361468, 360120
361468, 417449
361468, 359878
361468, 433015
361468, 359832
361468, 360020
361468, 360021
361468, 445093
361468, 346201
361468, 359876
361468, 6412823
361468, 433011
361468, 359178
361468, 433441
361468, 359185
361468, 359073
361468, 359050
361468, 433442
361468, 358286
361468, 358255
361468, 358378
361468, 6692512
361468, 11126094
361468, 357859
361468, 6692516
361468, 374290
361468, 8354478
361468, 361291
361468, 355198
361468, 355120
361468, 355086
361468, 353386
361468, 353220
361468, 6692518
361468, 352736
361468, 352776
361468, 352347
361468, 351558
361468, 351666
361468, 351634
361468, 351621
361468, 351619
361468, 351600
361468, 351586
361468, 351677
361468, 434501
361468, 351664
361468, 445092
361468, 351417
361468, 351545
361468, 445086
361468, 351461
361468, 445088
361468, 434508
361468, 351661
361468, 351507
361468, 434541
361468, 434512
361468, 445087
361468, 417455
361468, 351153
361468, 444206
361468, 351130
361468, 350994
361468, 350974
361468, 350959
361468, 358620
361468, 6692521
361468, 350842
361468, 350790
361468, 445094
361468, 350207
361468, 350213
361468, 349731
361468, 349627
361468, 8555994
361468, 349326
361468, 349732
361468, 6692523
361468, 346986
361468, 434557
361468, 434558
361468, 434556
361468, 346104
361468, 349548
361468, 360220
361468, 360245
361468, 351186
361468, 360247
361468, 444476
361468, 360246
361468, 360261
361468, 357640
361468, 357584
361468, 434392
361468, 417440
350546, 361994
350546, 360166
350546, 358114
350546, 355447
350546, 351433
350546, 350547
360621, 359279
360621, 8061368
360621, 350787
360621, 7732632
358617, 421566
358617, 361273
358617, 414059
358617, 361267
358617, 414036
358617, 414034
358617, 359697
358617, 361820
358617, 9075170
358617, 358619
358617, 414062
358617, 414065
358617, 414061
358617, 9626745
358617, 414030
358617, 9616699
358617, 9626744
358617, 414031
358617, 9616697
358617, 9616398
358617, 8715451
358617, 357368
358617, 9616682
358617, 9626746
358617, 9626748
358617, 9626747
358619, 360130
358619, 410368
358619, 360634
358619, 8715595
358619, 8715586
358619, 9072907
358619, 8720993
358619, 9072927
358619, 9072926
358619, 8715597
358619, 8715596
358619, 8715594
358619, 412814
358619, 8715460
358619, 410366
358619, 8373932
358619, 8374064
358619, 8374063
358619, 8373930
349401, 8601180
349401, 8601179
349401, 8601177
349401, 8601178
360483, 360480
360483, 360478
360689, 360047
360689, 10371118
360689, 350368
360689, 345955
360689, 359954
360688, 362276
360688, 359211
360688, 358273
360688, 352950
360688, 352626
360688, 349716
360688, 360687
360688, 361099
352603, 352605
7603259, 360503
354500, 7911002
354500, 358725
354500, 358107
354500, 356805
354500, 354501
354500, 10371123
354500, 350795
354500, 348095
354500, 361358
354500, 7772238
354500, 10371122
361056, 10371150
361056, 10371148
361056, 350768
361056, 10371149
360997, 8146219
360997, 355547
360997, 361474
360997, 360996
360997, 360479
360997, 361497
360997, 9179486
361294, 358969
361294, 350373
361294, 8561528
361294, 346029
361294, 360830
361294, 359850
361294, 347496
361323, 355647
361323, 355419
361323, 361322
361323, 347541
358044, 356943
358044, 8594167
358044, 8559275
361849, 7910872
361849, 361701
361849, 358824
361849, 358171
361849, 8559274
361849, 352180
361849, 360756
361849, 360763
361849, 7910974
360631, 11204016
360631, 360929
360631, 359901
360631, 7910874
359171, 359172
359171, 358869
359171, 358599
359171, 355594
359171, 10371146
359171, 347750
359171, 361330
359171, 360466
361370, 362880
361370, 362550
361370, 358446
361370, 10430542
361370, 354773
361370, 350200
361370, 361828
361370, 360821
361370, 10645705
361370, 355416
361370, 355999
10430542, 355628
359781, 362003
359781, 359782
359781, 358267
359781, 361479
359781, 10371124
359781, 10371125
359781, 360527
359781, 10371126
359787, 359788
359787, 355633
359787, 346518
361059, 11205726
361059, 352720
